ai = Anastasia Izmaylova <A.Izmaylova@cwi.nl>
ali = ali <ali@cwi.nl>
anya = Anya Helene Bagge <anya@ii.uib.no>
arie = arie <arie@cwi.nl>
asbin = asbin <asbin@cwi.nl>
basten = Bas Basten <basten@cwi.nl>
bertl = Bert Lisser <Bert.Lisser@cwi.nl>
bie = bie <bie@cwi.nl>
bruntink = bruntink <bruntink@cwi.nl>
cdegouw = Stijn de Gouw <cdegouw@cwi.nl>
cleve = cleve <cleve@cwi.nl>
cvs2svn = cvs2svn <cvs2svn@cwi.nl>
darmo2 = darmo2 <darmo2@cwi.nl>
daybuild = Daily Build Bot <daybuild@cwi.nl>
dennish = dennish <dennish@cwi.nl>
derriks = derriks <derriks@cwi.nl>
economop = economop <economop@cwi.nl>
emilie = Emilie Balland <emilie.balland@gmail.com>
erik = erik <erik@cwi.nl>
eriks = eriks <eriks@cwi.nl>
ernst = ernst <ernst@cwi.nl>
evw = evw <evw@cwi.nl>
gerco = gerco <gerco@cwi.nl>
gipe = gipe <gipe@cwi.nl>
guyon = guyon <guyon@cwi.nl>
hidde = hidde <hidde@cwi.nl>
hills = Mark Hills <mhills@acm.org>
iversen = iversen <iversen@cwi.nl>
jbos = Jeroen van den Bos <jeroen@infuse.org>
jeldert = jeldert <jeldert@cwi.nl>
jive = jive <jive@cwi.nl>
jkroon = Joppe Kroon <joppekroon@gmail.com>
jong = jong <jong@cwi.nl>
js = js <js@cwi.nl>
jurgenv = Jurgen J. Vinju <jurgen@vinju.org>
jvisser = jvisser <jvisser@cwi.nl>
karltk = karltk <karltk@cwi.nl>
kooiker = kooiker <kooiker@cwi.nl>
kort = kort <kort@cwi.nl>
kuipers = kuipers <kuipers@cwi.nl>
landman = Davy Landman <davy.landman@cwi.nl>
lankamp = Arnold Lankamp <arnold.lankamp@gmail.com>
leon = leon <leon@cwi.nl>
marangoz = marangoz <marangoz@cwi.nl>
markvdb = markvdb <markvdb@cwi.nl>
martinrw = martinrw <martinrw@cwi.nl>
mdejonge = mdejonge <mdejonge@cwi.nl>
michael = Michael Steindorfer <Michael.Steindorfer@cwi.nl>
migod = Michael Godfrey<migod@uwaterloo.ca>
moreau = moreau <moreau@cwi.nl>
oktener = oktener <oktener@cwi.nl>
olivierp = olivierp <olivierp@cwi.nl>
paulk = Paul Klint <Paul.Klint@cwi.nl>
pemoreau = pemoreau <pemoreau@cwi.nl>
pgriffel = pgriffel <pgriffel@cwi.nl>
ploeg = Atze van der Ploeg <A.J.van.der.Ploeg@cwi.nl>
prademak = prademak <prademak@cwi.nl>
ralf = ralf <ralf@cwi.nl>
reilles = reilles <reilles@cwi.nl>
rfuhrer = rfuhrer <rfuhrer@cwi.nl>
rozen = Riemer van Rozen <R.A.van.Rozen@cwi.nl>
sen1 = sen1 <sen1@cwi.nl>
slinger = slinger <slinger@cwi.nl>
stoel = Jouke Stoel <j.h.stoel@gmail.com>
storm = Tijs van der Storm <T.van.der.Storm@cwi.nl>
tonio = tonio <tonio@cwi.nl>
toussain = toussain <toussain@cwi.nl>
uid504 = uid504 <uid504@cwi.nl>
uid505 = uid505 <uid505@cwi.nl>
uid506 = uid506 <uid506@cwi.nl>
uid507 = uid507 <uid507@cwi.nl>
uid508 = uid508 <uid508@cwi.nl>
uid509 = uid509 <uid509@cwi.nl>
uid512 = uid512 <uid512@cwi.nl>
uid514 = uid514 <uid514@cwi.nl>
uid515 = uid515 <uid515@cwi.nl>
uid522 = uid522 <uid522@cwi.nl>
uid567 = uid567 <uid567@cwi.nl>
uid9485 = uid9485 <uid9485@cwi.nl>
uid9907 = uid9907 <uid9907@cwi.nl>
uid9908 = uid9908 <uid9908@cwi.nl>
uid9910 = uid9910 <uid9910@cwi.nl>
valkerin = valkerin <valkerin@cwi.nl>
visser = visser <visser@cwi.nl>
waruzjan = Waruzjan Shahbazian <waruzjan@cwi.nl>
wcook = wcook <wcook@cwi.nl>
wietse  = Wietse Venema <wietsevenema@gmail.com>
zaytsev = Vadim Zaytsev <spider.vz@gmail.com>
